datetime,Global_active_power,Global_reactive_power,Voltage,Global_intensity,Sub_metering_1,Sub_metering_2,Sub_metering_3,anomaly_score,z_score
2008-02-02 19:00:00,6.496033333333333,0.4273999999999999,231.3033333333333,28.2,19.166666666666668,30.7,16.433333333333334,-0.10087447996483545,6.044900754130206
2007-03-05 19:00:00,5.644900000000001,0.359,234.954,24.116666666666667,23.58333333333333,25.6,2.333333333333333,-0.09981669761973566,5.093851682210414
2009-01-16 20:00:00,6.519633333333333,0.4316,236.97016666666664,27.746666666666663,26.15,28.2,17.233333333333334,-0.09817801164185624,6.071271191308839
2007-05-08 12:00:00,4.719133333333334,0.4909,230.76616666666663,20.71333333333333,25.716666666666665,23.23333333333333,16.35,-0.09691516582394555,4.059407965032204
2007-03-31 10:00:00,5.161066666666667,0.5198333333333334,234.1623333333333,22.24333333333333,25.08333333333333,26.3,16.816666666666666,-0.09604779545113418,4.553220473668243
2007-02-03 19:00:00,5.814666666666667,0.5752666666666666,231.5205,25.33333333333333,17.233333333333334,22.8,16.45,-0.08920909462303139,5.28354749654767
2007-12-23 19:00:00,6.488,0.4202666666666667,233.12716666666665,27.94333333333333,12.7,38.23333333333333,11.966666666666669,-0.08920909462303139,6.035924376503017
2007-01-21 20:00:00,6.076566666666666,0.2574666666666667,231.344,26.32333333333333,29.716666666666665,15.683333333333334,16.433333333333334,-0.08644915049364477,5.576192305746142
2008-01-26 19:00:00,6.0138,0.4607666666666666,231.19266666666667,26.16,32.46666666666667,0.0,16.45,-0.08519552733510016,5.506057371837434
2009-01-24 11:00:00,5.0734,0.4076333333333333,237.94266666666667,21.58333333333333,19.35,37.516666666666666,17.366666666666667,-0.08329040567299895,4.455262493753264
2008-04-12 18:00:00,5.656433333333334,0.4071666666666667,237.866,23.973333333333336,23.616666666666667,20.816666666666663,18.616666666666667,-0.08269665119052894,5.106738929758165
2007-09-17 21:00:00,5.735766666666667,0.3772,232.1038333333333,24.71333333333333,42.2,5.4,15.35,-0.08157362445697902,5.19538531462419
2010-02-21 11:00:00,5.0908,0.2756666666666666,238.41266666666667,22.01,23.933333333333334,28.65,18.73333333333333,-0.0772800123334978,4.474705104215476
2007-05-18 20:00:00,3.9856666666666665,0.3536666666666666,231.5515,17.413333333333334,21.78333333333333,21.916666666666668,7.1,-0.07434315230323085,3.2398386152036167
2009-10-17 16:00:00,4.663166666666667,0.4092666666666666,238.0653333333333,19.816666666666663,20.08333333333333,28.1,18.683333333333334,-0.07403454646644758,3.9968712926834407
2008-06-18 16:00:00,3.6527,0.3687333333333333,238.83333333333331,15.653333333333334,22.95,30.716666666666665,1.5333333333333334,-0.0717381410730672,2.8677845234276784
2010-11-20 18:00:00,5.626833333333334,0.1990666666666666,230.51433333333333,24.72,14.35,29.816666666666663,16.333333333333332,-0.07120831077443923,5.073664144144286
2009-01-31 17:00:00,5.072500000000001,0.4107666666666666,236.72833333333332,21.66333333333333,24.016666666666666,14.05,17.116666666666667,-0.07018849159145901,4.454256841487978
2007-02-22 21:00:00,6.363866666666667,0.0867666666666666,230.44316666666663,27.703333333333333,11.483333333333333,32.733333333333334,16.316666666666666,-0.06930150680605196,5.897218856653823
2007-01-21 21:00:00,5.9107666666666665,0.2966333333333333,235.71716666666669,25.12,41.68333333333333,6.366666666666666,17.016666666666666,-0.0677255304451263,5.390928810652188
2008-04-20 21:00:00,5.6713000000000005,0.2595,233.39083333333332,24.36,9.2,37.6,17.333333333333332,-0.06689199238238885,5.1233508153254945
2007-12-22 20:00:00,4.9255,0.3470666666666666,235.427,21.256666666666668,15.933333333333334,18.8,0.0833333333333333,-0.06590121610116317,4.290000304824459
2007-01-07 18:00:00,5.211533333333334,0.3809666666666667,231.59566666666663,22.62,0.0,31.883333333333333,16.45,-0.06564846552443937,4.609611493284698
2007-12-27 19:00:00,5.1752,0.3298333333333333,233.866,22.34,23.466666666666665,4.95,8.866666666666667,-0.06544819422021986,4.569012938871266
2008-10-24 21:00:00,5.356866666666666,0.2644333333333333,233.7663333333333,22.87,44.516666666666666,0.0,15.183333333333334,-0.06421736432797087,4.7720057109384255
2009-04-12 21:00:00,5.133966666666667,0.3276,234.30883333333333,22.00333333333333,37.13333333333333,1.3833333333333333,9.916666666666666,-0.06395556613885123,4.52293916656905
2008-10-19 01:00:00,5.759066666666667,0.4089,235.12483333333333,24.71333333333333,11.633333333333333,24.53333333333333,15.116666666666667,-0.06307342606145871,5.22142053438106
2007-03-05 20:00:00,4.205433333333334,0.4309333333333333,236.82916666666668,17.970000000000002,10.466666666666669,28.48333333333333,0.0,-0.06262139060955485,3.485403999834588
2007-01-13 22:00:00,5.814266666666667,0.2321333333333333,231.4201666666667,25.32333333333333,23.73333333333333,0.3833333333333333,16.433333333333334,-0.061556500641179124,5.283100539985321
2007-05-25 21:00:00,4.474733333333333,0.2599333333333333,228.5065,19.55666666666667,48.36666666666667,0.0666666666666666,6.716666666666667,-0.06153387332511551,3.78631750543653
2007-01-21 19:00:00,5.330433333333334,0.2568666666666667,229.00566666666663,23.39,7.933333333333334,28.133333333333333,16.1,-0.06144032781562381,4.742469331443149
2008-10-24 20:00:00,4.739033333333333,0.2985666666666667,235.91866666666667,20.236666666666668,22.133333333333333,17.016666666666666,11.3,-0.060810342564062814,4.081644054009102
2010-01-23 18:00:00,5.265533333333334,0.3700666666666666,234.6485,22.55333333333333,0.0,36.3,13.3,-0.06061136834995251,4.669950629201909
2009-02-11 18:00:00,5.2338000000000005,0.3101666666666666,236.91466666666665,22.18,13.95,28.516666666666666,10.366666666666667,-0.05955604804451664,4.6344920752554986
2007-06-27 21:00:00,4.597966666666666,0.315,236.78,19.69333333333333,27.666666666666668,14.9,17.2,-0.05942982204260505,3.924017373020437
2008-11-23 18:00:00,6.560533333333334,0.3248333333333333,231.56666666666663,28.383333333333333,0.0,28.33333333333333,16.466666666666665,-0.05910687287767191,6.116972499809098
2007-02-21 20:00:00,4.016133333333333,0.4486333333333333,235.9905,17.336666666666666,19.58333333333333,11.933333333333334,2.7666666666666666,-0.058856420392034425,3.2738818067025868
2008-10-12 19:00:00,4.907733333333334,0.3070666666666666,233.4095,21.14,13.233333333333333,27.366666666666667,11.566666666666666,-0.05875256138658014,4.270147984180093
2007-12-29 19:00:00,5.226699999999999,0.3019333333333333,233.8785,22.37,24.966666666666665,0.1833333333333333,16.8,-0.057678876896770315,4.62655859627379
2008-01-15 12:00:00,5.237266666666667,0.2240333333333333,237.2045,22.266666666666666,13.033333333333331,42.2,17.266666666666666,-0.05757581849311599,4.638365698795862
2010-01-30 18:00:00,5.142166666666666,0.2685666666666667,235.97133333333332,21.89,9.633333333333333,31.466666666666665,18.566666666666663,-0.05665932601952073,4.532101776097218
2009-09-12 22:00:00,4.4504,0.44,237.424,18.83333333333333,41.66666666666666,0.9333333333333332,7.1,-0.056545980495137815,3.7591276478935898
2007-06-08 20:00:00,4.200566666666666,0.5221666666666667,237.02633333333333,18.016666666666666,21.0,14.533333333333331,17.2,-0.055051498146277744,3.479966028325999
2009-04-12 20:00:00,5.0983,0.2890666666666667,234.78833333333333,21.836666666666662,41.93333333333333,0.1666666666666666,18.53333333333333,-0.054514659813847066,4.483085539759534
2009-02-22 21:00:00,4.673766666666666,0.2299,236.989,19.82,8.716666666666667,35.46666666666667,0.0,-0.05434945527792234,4.008715641585707
2009-11-21 17:00:00,4.768633333333333,0.3497,233.4365,20.5,28.883333333333333,0.3,16.266666666666666,-0.05422379244536135,4.11471883962298
2007-12-01 21:00:00,5.139566666666667,0.4912,237.84066666666664,21.81,24.266666666666666,0.35,17.35,-0.053859910731565486,4.529196558441946
2007-12-28 15:00:00,5.025133333333333,0.1984666666666666,244.343,20.703333333333333,9.033333333333331,38.73333333333333,18.3,-0.05373862881776781,4.401329735229732
2007-04-03 19:00:00,4.565633333333333,0.2345333333333333,234.3915,19.68,23.65,8.95,10.65,-0.051949720173680825,3.8878883842305023
2006-12-25 16:00:00,3.872833333333333,0.4538,241.69466666666668,16.3,27.416666666666668,0.2333333333333333,0.0,-0.05188782550188897,3.113759618240802
2008-01-14 20:00:00,5.136866666666666,0.1220666666666666,232.3583333333333,22.24,39.23333333333333,0.0,13.15,-0.051184146446053735,4.526179601646085
2007-03-04 19:00:00,5.432133333333334,0.2395666666666666,234.2915,23.313333333333333,9.75,28.03333333333333,16.85,-0.050843872168343296,4.856108037420563
2009-12-24 19:00:00,4.675233333333334,0.3493,244.3175,19.276666666666664,31.8,1.25,18.95,-0.05057664571005971,4.010354482314323
2009-03-28 18:00:00,4.3750333333333336,0.5511333333333333,237.90216666666663,18.706666666666667,33.1,0.0,17.366666666666667,-0.050235857177749366,3.6749135822708654
2008-11-30 20:00:00,5.930499999999999,0.1367,235.658,25.26,9.183333333333334,33.21666666666667,17.05,-0.0498158196651286,5.412978667728106
2006-12-30 10:00:00,4.716566666666666,0.3691333333333333,236.0738333333333,20.12,13.483333333333333,22.116666666666667,17.116666666666667,-0.04972045283347126,4.056539993757125
2007-05-27 17:00:00,4.114133333333333,0.4394,232.7576666666667,17.936666666666667,13.233333333333333,21.433333333333334,16.616666666666667,-0.04911779192497023,3.383386164478266
2008-04-19 15:00:00,3.5336333333333334,0.4985333333333333,239.9435,15.113333333333332,22.55,18.25,6.5,-0.04883878281725118,2.7347404533682482
2008-10-24 19:00:00,3.965766666666666,0.2686,234.4565,17.123333333333335,20.116666666666667,11.133333333333333,0.0,-0.04775165479588306,3.2176025262267185
2007-01-28 12:00:00,4.195833333333334,0.3106,234.55383333333333,18.023333333333333,18.98333333333333,18.5,16.883333333333333,-0.0471072044833073,3.474677042338195
2008-06-15 13:00:00,4.2955000000000005,0.4313666666666667,237.459,18.256666666666668,43.38333333333333,1.1666666666666667,18.883333333333333,-0.046896238706916615,3.5860437191236647
2009-12-25 15:00:00,3.662,0.38,244.17683333333332,15.046666666666663,45.3,0.0,0.6666666666666666,-0.04685323089061433,2.8781762635023096
2010-01-10 15:00:00,4.615966666666666,0.4708666666666666,242.40233333333333,19.40333333333333,7.95,19.55,18.666666666666668,-0.04663638388142355,3.9441304183261736
2008-02-20 19:00:00,4.7124,0.3158666666666667,235.9813333333333,20.2,19.73333333333333,5.466666666666667,3.9166666666666665,-0.0463901493633897,4.05188419623265
2008-11-23 20:00:00,6.310566666666667,0.2638,233.41783333333333,27.08,7.45,21.116666666666667,16.716666666666665,-0.0460814444029336,5.837661894720725
2010-02-21 15:00:00,4.5135,0.2154666666666666,238.96366666666663,19.023333333333333,13.183333333333334,33.43333333333333,18.15,-0.0453180972388505,3.829635045604256
2007-12-28 17:00:00,6.333666666666667,0.2075999999999999,235.65716666666668,27.01333333333333,0.0,46.43333333333333,17.05,-0.04528515972845293,5.86347363619642
2007-12-09 16:00:00,4.8082,0.3876,239.7853333333333,20.19333333333333,21.05,9.033333333333331,13.566666666666666,-0.04512500843431788,4.158930292915406
2007-09-26 21:00:00,4.821866666666667,0.2968,234.581,20.646666666666665,0.0,31.516666666666666,8.333333333333334,-0.04510925504934826,4.174201308795688
2009-11-11 17:00:00,4.536166666666667,0.1695666666666666,233.04866666666663,19.55666666666667,9.9,30.633333333333333,17.45,-0.04505423103684636,3.8549625841374078
2009-10-11 11:00:00,3.995633333333333,0.4151666666666667,236.11533333333333,17.09,15.65,21.25,18.6,-0.04472573325747442,3.250975282882164
2008-04-29 12:00:00,4.589166666666667,0.2799333333333333,239.01466666666664,19.30333333333333,3.816666666666667,39.73333333333333,19.066666666666663,-0.04440150587084013,3.9141843286487443
2008-11-09 18:00:00,4.378133333333333,0.3410333333333333,233.477,18.826666666666664,23.25,0.5166666666666667,16.733333333333334,-0.04381000144098257,3.6783774956290753
2008-02-20 20:00:00,4.332166666666667,0.3231666666666666,234.84033333333332,18.62333333333333,5.233333333333333,24.466666666666665,0.0,-0.043791287898228726,3.627014737339054
2009-11-15 18:00:00,4.393166666666667,0.3327666666666667,233.1765,18.976666666666667,0.0,27.883333333333333,11.933333333333334,-0.04349267680650293,3.695175613097385
2008-12-06 13:00:00,4.6615,0.2182,238.8178333333333,19.726666666666667,11.933333333333334,33.016666666666666,17.483333333333334,-0.04335411442331483,3.9950089736736496
2010-01-15 20:00:00,5.3368,0.3332333333333333,240.99466666666663,22.426666666666662,11.683333333333334,19.83333333333333,18.466666666666665,-0.043140036620029854,4.749583390060549
2007-04-01 17:00:00,3.8601,0.2412,234.43616666666668,16.603333333333335,30.683333333333334,14.166666666666666,10.066666666666666,-0.04274808956116938,3.099531501006004
2007-06-03 13:00:00,3.7925,0.3061,231.64383333333333,16.62,18.433333333333334,20.616666666666667,16.45,-0.04230396505327738,3.0239958419689024
2009-11-03 20:00:00,4.8308333333333335,0.3513333333333334,233.7013333333333,20.76,11.283333333333331,18.45,17.366666666666667,-0.04230303559733983,4.184220585068361
2008-03-13 21:00:00,5.014166666666667,0.1149666666666666,234.5005,21.473333333333336,10.116666666666667,28.4,15.316666666666666,-0.04182110230133973,4.389075676145311
2008-04-15 12:00:00,4.463566666666667,0.2388666666666666,235.7335,19.203333333333333,8.3,31.316666666666663,17.683333333333334,-0.04169958755871406,3.7738399680709347
2009-02-11 12:00:00,4.249266666666666,0.3648999999999999,237.819,18.046666666666667,0.0,39.3,17.35,-0.04158660104249623,3.534382989792076
2008-11-05 13:00:00,4.427666666666667,0.3585666666666666,237.52533333333332,18.82333333333333,12.916666666666666,24.5,17.3,-0.04149707175639428,3.733725616600048
2010-05-02 19:00:00,3.7739,0.2995333333333334,236.25233333333333,16.336666666666666,13.566666666666666,31.75,4.7,-0.04138149017392312,3.0032123618196405
2009-01-25 13:00:00,4.330433333333334,0.2886333333333333,240.448,18.186666666666667,11.05,33.8,17.733333333333334,-0.04109572993045363,3.6250779255688723
2007-01-20 19:00:00,5.3430333333333335,0.2749666666666667,231.12,23.183333333333334,0.0,21.716666666666665,16.383333333333333,-0.040379136524507864,4.7565484631571655
2007-11-22 19:00:00,4.583066666666666,0.3330333333333333,234.74066666666667,19.616666666666667,19.966666666666665,0.0,6.316666666666666,-0.040365003011418654,3.90736824107291
2008-02-02 20:00:00,4.689033333333333,0.3931333333333333,234.19966666666667,20.183333333333334,19.9,0.8,16.866666666666667,-0.04008890348563676,4.025774483715387
2010-01-24 12:00:00,4.427266666666667,0.2806666666666667,239.088,19.166666666666668,21.466666666666665,10.683333333333334,19.03333333333333,-0.040058528241664004,3.7332786600376986
2008-07-12 15:00:00,3.992933333333333,0.3996666666666666,236.005,17.013333333333332,41.88333333333333,0.9,13.466666666666669,-0.039514050141660206,3.2479583260863025
2007-03-31 20:00:00,4.766033333333334,0.4121666666666667,235.49566666666664,20.313333333333333,0.0,27.066666666666663,17.016666666666666,-0.0393913051569833,4.111813621967707
2008-04-13 18:00:00,4.0099,0.6540666666666667,234.66766666666663,17.496666666666666,9.433333333333334,18.016666666666666,11.866666666666667,-0.03893432938548991,3.266916733605971
2009-12-24 16:00:00,4.533266666666666,0.3423,246.2255,18.52,0.0,22.066666666666663,20.016666666666666,-0.03891631280229213,3.851722149060371
2008-04-08 11:00:00,4.678833333333333,0.2924333333333333,239.741,19.706666666666667,0.0,40.71666666666667,18.28333333333333,-0.038703906310115554,4.01437709137547
2008-10-19 00:00:00,5.1555,0.3345666666666667,237.12983333333332,21.813333333333333,0.0,23.066666666666663,8.066666666666666,-0.03835569694179375,4.5470003281755424
2007-12-06 20:00:00,4.739033333333333,0.3196,234.47866666666667,20.33333333333333,23.183333333333334,0.1,15.833333333333334,-0.0383098606035035,4.081644054009102
2007-07-06 21:00:00,4.272233333333333,0.301,239.10516666666663,18.040000000000003,7.683333333333334,32.06666666666667,16.55,-0.038227896683396545,3.560045745746989
2009-03-01 16:00:00,4.3942,0.2579666666666667,240.40816666666663,18.433333333333334,36.46666666666667,0.0,6.25,-0.038182779360644514,3.696330250883455
2010-11-04 08:00:00,4.4189,0.0806333333333333,239.04483333333332,18.50333333333333,7.933333333333334,40.083333333333336,18.133333333333333,-0.037708446373206694,3.72392981860855
2009-10-23 15:00:00,4.0253,0.4573333333333333,240.2285,17.12,32.03333333333333,0.85,17.433333333333334,-0.03757658957914922,3.284124561256434
2007-01-20 13:00:00,4.251033333333334,0.341,237.20716666666667,18.086666666666662,10.9,29.03333333333333,17.25,-0.037572332714086665,3.536357047942455
2007-02-03 18:00:00,5.021133333333334,0.3089666666666666,232.62066666666664,21.666666666666668,12.7,11.033333333333331,16.6,-0.03738809626224193,4.396860169606236
2010-03-08 15:00:00,3.969,0.3573333333333333,242.91616666666667,16.473333333333333,8.866666666666667,30.23333333333333,18.75,-0.0372915307680276,3.221215425105712
2008-01-29 13:00:00,4.460466666666666,0.2167,237.0193333333333,19.00333333333333,9.6,32.483333333333334,17.25,-0.03676407423774786,3.7703760547127234
2009-12-30 19:00:00,3.7885,0.4757333333333333,240.12466666666663,16.013333333333332,0.0,30.866666666666667,0.65,-0.036477105479699956,3.0195262763454056
2010-06-23 21:00:00,3.9411,0.4105,236.80266666666665,17.09333333333333,38.38333333333333,1.1666666666666667,14.783333333333331,-0.036210386918858806,3.19004020488182
2009-02-11 20:00:00,4.0643666666666665,0.1457,235.6895,17.373333333333335,13.15,22.433333333333334,0.0,-0.036005853358327844,3.3277773188459228
2008-05-10 16:00:00,3.930333333333333,0.4872666666666667,237.72616666666667,16.87333333333333,33.85,0.0,18.883333333333333,-0.03596785378810452,3.178009624078573
2009-04-11 19:00:00,4.304733333333333,0.3480999999999999,236.8685,18.196666666666665,28.116666666666667,0.1666666666666666,18.866666666666667,-0.0356618192675513,3.596360966437903
2007-02-10 19:00:00,4.7114666666666665,0.2710999999999999,233.6155,20.19,19.866666666666667,0.0,16.75,-0.0355934822081001,4.0508412975871675
2007-12-22 14:00:00,4.2451,0.0807,239.1443333333333,17.84333333333333,10.033333333333331,37.28333333333333,17.55,-0.035187970091902554,3.5297271922676003
2008-03-05 22:00:00,4.775533333333333,0.1738333333333333,236.10133333333332,20.35666666666667,10.283333333333331,21.933333333333334,4.4,-0.035058391001463574,4.122428840323512
2009-02-22 17:00:00,4.829433333333333,0.1991333333333333,235.1738333333333,20.686666666666667,7.016666666666667,34.38333333333333,16.966666666666665,-0.03504533314992431,4.182656237100137
2009-11-22 20:00:00,5.115166666666667,0.1806666666666666,235.15,21.74333333333333,37.1,0.3,17.566666666666666,-0.03495794331828639,4.501932208138614
2010-11-14 15:00:00,4.1565666666666665,0.2370666666666666,234.8875,17.94333333333333,40.85,0.0,8.016666666666667,-0.03491232597664451,3.430800806467531
2009-10-24 12:00:00,3.909266666666667,0.4789666666666666,236.8046666666667,16.71,28.516666666666666,1.0,18.3,-0.034822916568234774,3.1544699117948225
2007-12-04 21:00:00,5.066066666666667,0.1256666666666666,237.41183333333336,21.383333333333333,0.0,33.86666666666667,11.666666666666666,-0.034776096754228325,4.447068290110186
2006-12-29 21:00:00,4.313733333333333,0.1212333333333333,233.035,18.586666666666662,0.0,33.13333333333333,9.183333333333334,-0.03448854283059444,3.606417489090772
2009-11-15 17:00:00,4.2462333333333335,0.4514333333333333,232.0761666666667,18.47,0.0,19.23333333333333,17.133333333333333,-0.034476240174797335,3.5309935691942584
2007-01-31 12:00:00,3.9598333333333335,0.4432333333333333,236.44566666666665,16.92,0.0,32.45,17.133333333333333,-0.03432570138803892,3.210972670551865
2009-11-24 19:00:00,4.5056,0.2757666666666666,235.804,19.26,7.1,25.73333333333333,10.2,-0.03401310216847897,3.82080765349785
2009-12-12 17:00:00,4.241333333333333,0.6369,238.2011666666667,18.08,0.0,25.45,16.633333333333333,-0.03395213217226456,3.5255183513054744
2008-01-22 20:00:00,3.6163666666666665,0.2269999999999999,233.28383333333332,15.736666666666668,22.816666666666663,6.95,0.0,-0.033846826639134076,2.8271859690142462
2007-12-30 18:00:00,4.941966666666667,0.2979333333333333,234.04083333333332,21.15333333333333,18.266666666666666,0.0166666666666666,16.816666666666666,-0.033803213849204816,4.308400016641189
2007-01-13 20:00:00,4.5121,0.2821333333333333,233.8055,19.32,19.28333333333333,0.2,16.766666666666666,-0.03353912997006747,3.828070697636033
2007-10-27 10:00:00,4.336766666666667,0.0844666666666666,233.58133333333333,18.613333333333333,0.0,35.03333333333333,16.75,-0.03350476967452298,3.632154737806076
2007-11-07 19:00:00,4.483366666666667,0.2271,230.57683333333333,19.586666666666662,18.466666666666665,0.3333333333333333,12.2,-0.033240065299418586,3.795964317907245
2006-12-28 21:00:00,5.035333333333333,0.1657,237.2945,21.40666666666667,10.666666666666666,29.566666666666663,15.25,-0.03315897113860411,4.412727127569649
2007-03-11 19:00:00,4.6315,0.3185333333333333,236.06016666666667,19.726666666666667,23.53333333333333,0.55,17.083333333333332,-0.03312224247248774,3.961487231497421
2007-11-10 18:00:00,3.9790666666666663,0.3626333333333333,234.37583333333333,17.126666666666665,20.516666666666666,0.0,7.35,-0.0330774075709066,3.232463831924847
2007-05-20 21:00:00,4.097266666666666,0.3497666666666666,231.089,17.86,19.9,0.55,16.383333333333333,-0.033003882032590526,3.364539496099186
2008-03-07 11:00:00,4.509733333333333,0.0763333333333333,235.8826666666667,19.223333333333336,0.0,41.38333333333333,17.066666666666666,-0.0329395102904293,3.8254262046421297
2007-11-04 18:00:00,4.843566666666667,0.1096999999999999,233.5728333333333,20.716666666666665,0.0,30.78333333333333,16.733333333333334,-0.03285051200297029,4.19844870230316
2007-03-07 19:00:00,4.852566666666666,0.2143666666666666,234.19166666666663,20.74,0.0,32.0,16.833333333333332,-0.032781169700852764,4.208505224956028
2008-10-17 20:00:00,4.9791,0.1816666666666666,235.56116666666668,21.15,0.3833333333333333,31.5,17.633333333333333,-0.03269666457449261,4.349892484179319
2008-04-08 10:00:00,4.311000000000001,0.2614666666666667,241.256,17.993333333333332,0.0,34.95,18.5,-0.03236488123891901,3.603363285914716
2007-12-02 15:00:00,4.410166666666667,0.1224666666666666,240.9631666666667,18.37,9.283333333333331,33.4,17.8,-0.03196093897312846,3.714171266997248
2007-03-24 19:00:00,5.015866666666667,0.212,231.42,21.696666666666665,0.7833333333333333,23.75,16.433333333333334,-0.031929692784578356,4.390975241535298
2007-10-23 17:00:00,4.508366666666666,0.1450333333333333,238.73366666666664,19.016666666666666,9.083333333333334,35.11666666666667,17.483333333333334,-0.031908557859291364,3.8238991030541016
2007-12-05 19:00:00,4.282633333333334,0.299,235.94583333333333,18.37,19.016666666666666,0.2666666666666666,0.0,-0.031699141571932654,3.5716666163680824
2007-07-14 19:00:00,3.7519,0.5262,237.7513333333333,16.01,29.766666666666666,1.1666666666666667,15.233333333333333,-0.0313747818750747,2.9786297508904074
2010-01-09 18:00:00,4.300866666666667,0.4209333333333333,238.512,18.14333333333333,7.283333333333333,18.366666666666667,10.166666666666666,-0.03136429851591238,3.5920403863351895
2008-11-23 12:00:00,4.158333333333333,0.3431666666666667,237.823,17.64333333333333,22.55,8.616666666666667,17.366666666666667,-0.03134451671561611,3.432774864617909
2009-12-21 20:00:00,4.211433333333334,0.3260333333333333,242.763,17.513333333333332,26.05,0.05,15.633333333333333,-0.03131352242138952,3.492108348269834
2008-06-15 19:00:00,3.442633333333333,0.5103000000000001,237.26266666666663,14.866666666666667,0.0,29.716666666666665,0.65,-0.03126437779232183,2.633057835433689
2008-12-06 10:00:00,4.2289,0.1227333333333333,236.257,17.983333333333334,6.066666666666666,39.4,17.133333333333333,-0.030978987205674158,3.5116254514924377
2008-02-05 20:00:00,3.8222,0.3145666666666666,235.548,16.276666666666667,0.0,30.98333333333333,0.0,-0.030691072106236006,3.057182366723368
2008-10-12 20:00:00,4.913633333333333,0.1151666666666666,234.72716666666665,21.03666666666667,0.0,31.183333333333334,14.583333333333334,-0.030651587287193083,4.27674059347475
2007-03-16 19:00:00,3.781566666666667,0.1890333333333333,231.77166666666665,16.293333333333333,0.0,32.81666666666667,0.0,-0.030548169605384867,3.011779029264677
2008-11-29 19:00:00,3.9017666666666666,0.4021333333333333,237.66833333333332,16.6,25.23333333333333,0.3333333333333333,10.966666666666669,-0.030468463354236253,3.146089476250765
2009-02-07 14:00:00,4.402833333333334,0.0836333333333333,238.378,18.566666666666663,8.016666666666667,34.266666666666666,17.433333333333334,-0.030178120537469377,3.70597706335417
2008-03-08 19:00:00,4.4196333333333335,0.3680333333333333,235.97466666666665,18.85666666666667,19.716666666666665,0.7,17.083333333333332,-0.030058278779290237,3.724749238972858
2009-09-12 21:00:00,4.300333333333333,0.2758,237.124,18.146666666666665,30.116666666666667,0.0333333333333333,16.883333333333333,-0.029613779810215735,3.5914444442520557
2007-12-14 12:00:00,4.4303,0.188,237.458,18.80666666666667,9.016666666666667,32.78333333333333,17.316666666666666,-0.029590297192773174,3.7366680806355164
2007-11-30 13:00:00,4.563233333333333,0.2272666666666666,240.5225,19.166666666666668,0.0,41.833333333333336,17.733333333333334,-0.02952280363319948,3.885206644856403
2008-07-19 11:00:00,2.6749666666666667,0.4692333333333333,236.6905,11.703333333333337,20.383333333333333,12.283333333333331,1.5666666666666669,-0.02951472242270614,1.7752736995242022
2009-01-18 19:00:00,4.573033333333333,0.4175,236.16216666666665,19.53666666666667,15.416666666666666,4.95,17.116666666666667,-0.029435368219476565,3.8961570806339716
2007-11-27 11:00:00,4.310966666666667,0.1594,235.88466666666667,18.416666666666668,5.8,38.95,17.066666666666666,-0.02931678378751612,3.60332603953452
2009-03-08 11:00:00,4.053433333333333,0.3524,235.845,17.426666666666666,34.483333333333334,0.7,17.066666666666666,-0.029308507604971723,3.3155605061416975
2008-01-12 18:00:00,5.1968,0.1421666666666666,231.19316666666663,22.55666666666667,17.516666666666666,0.1833333333333333,11.766666666666667,-0.029258796549364252,4.5931485932381495
2008-01-22 21:00:00,4.328433333333334,0.1594333333333333,235.9785,18.363333333333333,0.1333333333333333,33.43333333333333,1.6666666666666667,-0.02919217051347922,3.6228431427571244
2009-11-22 21:00:00,4.4590000000000005,0.2532,236.86366666666663,18.896666666666665,29.866666666666667,0.3,18.716666666666665,-0.029065702909426117,3.768737213984109
2008-01-14 21:00:00,4.7452,0.1255,234.259,20.30333333333333,41.0,0.0,6.983333333333333,-0.02896839747627733,4.088534634345326
2007-12-18 12:00:00,4.514566666666667,0.1334333333333333,237.2468333333333,19.12333333333333,0.0,40.55,17.283333333333335,-0.028793549885935854,3.830826929770523
2008-01-08 13:00:00,4.365033333333333,0.1539666666666666,235.9201666666667,18.686666666666667,7.716666666666667,33.666666666666664,17.1,-0.028678723567905684,3.6637396682121217
2007-05-27 14:00:00,3.856833333333333,0.2826666666666667,231.41583333333332,16.773333333333333,13.2,23.23333333333333,16.416666666666668,-0.028445178838232388,3.0958813557468137
2007-01-06 12:00:00,4.002933333333333,0.2655666666666667,231.76716666666667,17.496666666666666,22.15,0.6166666666666667,16.483333333333334,-0.027950200525707736,3.259132240145046
2009-02-22 20:00:00,4.488933333333334,0.2370666666666666,239.48066666666668,18.866666666666667,0.1833333333333333,38.81666666666667,11.0,-0.027685725139521056,3.8021844633999455
2007-04-05 21:00:00,4.752633333333334,0.1814,236.01,20.21,6.366666666666666,29.883333333333333,17.083333333333332,-0.027127648232576296,4.096840577128992
2010-10-18 12:00:00,3.836433333333333,0.3463666666666666,240.437,16.136666666666667,5.133333333333334,33.31666666666667,18.35,-0.026642713250559447,3.073086571066979
2008-03-23 20:00:00,4.934,0.2157,236.6325,20.95,8.45,27.03333333333333,17.2,-0.026554305829165847,4.29949813177439
2009-01-11 13:00:00,4.0528,0.0877333333333333,241.93466666666663,16.856666666666666,9.616666666666667,33.4,15.616666666666667,-0.026348875074634348,3.3148528249179776
2007-07-20 18:00:00,2.8128333333333333,0.3374,232.68316666666664,12.47,12.2,20.066666666666663,0.0,-0.025902968769882073,1.9293247280140693
2006-12-23 17:00:00,5.452533333333333,0.2159666666666666,233.64416666666665,23.36,16.183333333333334,0.6666666666666666,16.75,-0.025652161981213117,4.8789028221003985
2007-02-18 18:00:00,3.401366666666666,0.3953666666666667,233.71366666666663,14.836666666666668,20.383333333333333,0.75,2.4833333333333334,-0.025558248211607903,2.5869468167512766
2007-09-21 20:00:00,3.248733333333333,0.2472333333333333,232.8613333333333,14.11,6.4,29.383333333333333,0.0,-0.025537716509121067,2.4163956418346664
2007-10-14 14:00:00,4.1698,0.1077333333333333,237.3565,17.646666666666665,7.8,37.583333333333336,17.266666666666666,-0.02532653192340084,3.445587619405268
2009-01-18 15:00:00,4.210166666666667,0.3729333333333333,244.4845,17.32,9.616666666666667,13.116666666666667,18.3,-0.02502106024498285,3.4906929858223927
2010-02-13 12:00:00,3.924133333333333,0.2133333333333333,240.06233333333333,16.663333333333334,11.55,31.58333333333333,8.8,-0.024759142973103776,3.171081797362153
2007-05-27 15:00:00,3.747433333333333,0.3523666666666666,232.79066666666668,16.220000000000002,8.933333333333334,25.133333333333333,16.616666666666667,-0.024474867429152725,2.9736387359441676
2008-05-25 19:00:00,3.1296666666666666,0.439,237.39533333333333,13.543333333333331,20.5,7.683333333333334,2.7666666666666666,-0.024366807440258542,2.2833515717752357
2009-04-11 20:00:00,4.145133333333333,0.3548,237.0965,17.623333333333335,23.9,0.8166666666666667,18.8,-0.02428491946285416,3.418025298060368
2007-01-10 11:00:00,3.970766666666667,0.2030333333333333,237.736,16.83,12.85,31.616666666666667,16.0,-0.024273139824667944,3.223189483256091
2007-03-08 19:00:00,3.5261,0.3823333333333333,236.27,15.196666666666664,17.083333333333332,9.133333333333333,0.0,-0.02416004251717374,2.726322771443995
2007-03-20 19:00:00,3.1851333333333334,0.3937,235.93133333333333,13.866666666666667,19.03333333333333,9.133333333333333,0.0,-0.024118937595241863,2.3453295484210623
2009-12-24 20:00:00,4.393933333333334,0.2302666666666666,241.74433333333332,18.313333333333333,24.616666666666667,0.15,18.566666666666663,-0.024019121037207602,3.6960322798418894
2009-12-06 11:00:00,3.7279,0.3340333333333333,240.02783333333332,15.826666666666666,18.266666666666666,19.1,13.933333333333334,-0.024017051283543145,2.9518123571494246
2008-02-17 14:00:00,3.919666666666666,0.0700333333333333,240.87833333333336,16.35,16.75,23.683333333333334,17.8,-0.023749811249638375,3.1660907824159144
2007-12-08 20:00:00,5.212933333333334,0.2365333333333333,234.7663333333333,22.22,0.0,25.15,16.916666666666668,-0.023364131404620125,4.611175841252923
2009-01-07 14:00:00,3.675233333333333,0.0743666666666666,245.906,15.076666666666666,9.8,32.1,10.933333333333334,-0.023167151538709185,2.8929630764400454
2009-11-21 20:00:00,3.5382333333333333,0.4358,238.38183333333333,15.036666666666669,24.216666666666665,0.55,1.5333333333333334,-0.02312526960684469,2.73988045383527
2008-12-13 16:00:00,4.011,0.3418,240.705,16.746666666666666,24.716666666666665,0.5,12.5,-0.02295911742447998,3.2681458641524324
2008-09-22 20:00:00,4.2912333333333335,0.1362999999999999,234.42116666666664,18.42,7.9,26.53333333333333,17.066666666666666,-0.022642520546581668,3.5812761824586006
2010-11-04 20:00:00,4.462599999999999,0.1522666666666666,236.73933333333332,19.023333333333333,40.03333333333333,0.55,2.5166666666666666,-0.022459868631912627,3.772759823045255
2009-12-24 18:00:00,4.5629333333333335,0.2153333333333333,244.4455,18.736666666666668,11.283333333333331,15.883333333333333,18.966666666666665,-0.022356591994444952,3.884871427434642
2007-11-24 11:00:00,3.7799666666666663,0.3332666666666666,235.464,16.18,0.0,33.13333333333333,17.016666666666666,-0.021866440417725674,3.009991203015278
2007-10-19 11:00:00,4.328466666666667,0.2054333333333333,234.9195,18.56,11.766666666666667,24.25,16.933333333333334,-0.021495577782252195,3.62288038913732
2007-10-11 21:00:00,3.9676666666666662,0.2096666666666666,234.7178333333333,16.94,26.95,0.0833333333333333,5.85,-0.02149332604366261,3.21972556989788
2009-01-28 16:00:00,4.301233333333333,0.0899333333333333,243.48066666666668,17.736666666666668,0.0,34.05,18.166666666666668,-0.021355612204331353,3.5924500965173434
2007-10-25 21:00:00,4.800966666666667,0.1737,235.96633333333327,20.39,1.1333333333333333,26.816666666666663,12.983333333333333,-0.021060756676455683,4.150847828412915
2007-09-21 19:00:00,3.5337666666666667,0.2644,233.67433333333332,15.31,28.73333333333333,5.683333333333334,9.116666666666667,-0.02104685474551149,2.7348894388890317
2007-02-20 20:00:00,4.4047,0.1916666666666666,235.14566666666667,18.816666666666663,0.3666666666666666,30.133333333333333,14.25,-0.021012028784244574,3.708062860645135
2008-11-04 21:00:00,4.389966666666667,0.0830666666666666,236.872,18.57333333333333,0.0,32.61666666666667,17.2,-0.02093433062388772,3.691599960598588
2007-11-17 18:00:00,4.912366666666667,0.1906333333333333,232.0705,21.183333333333334,0.0,22.166666666666668,16.55,-0.02090741160186993,4.275325231027311
2007-03-04 17:00:00,4.087166666666667,0.3501666666666667,237.92533333333333,17.313333333333333,14.75,15.9,17.35,-0.020870531739214493,3.353253842899856
2007-03-13 19:00:00,3.4551666666666665,0.0790666666666666,234.07833333333332,14.923333333333334,10.8,26.133333333333333,0.8166666666666667,-0.0208111778989839,2.6470624743873126
2009-01-16 19:00:00,4.958200000000001,0.2593,238.37066666666664,20.863333333333333,17.183333333333334,7.883333333333334,17.433333333333334,-0.020790186134560074,4.326539003796548
2008-01-27 19:00:00,4.754133333333333,0.1425999999999999,235.29966666666667,20.346666666666668,22.316666666666663,0.1166666666666666,3.9166666666666665,-0.020770327543696565,4.098516664237803
2009-11-08 12:00:00,4.3383,0.2465666666666666,238.59866666666667,18.293333333333333,25.433333333333334,0.0,18.916666666666668,-0.02075055755482136,3.6338680712950837
2009-02-07 20:00:00,4.395833333333333,0.2344333333333333,239.4365,18.416666666666668,24.5,0.0,17.6,-0.020750342648881426,3.6981553235130495
2007-10-13 20:00:00,5.0948,0.2372333333333333,235.13333333333333,21.81,0.0,25.3,16.95,-0.019985168406038922,4.479174669838974
2007-11-12 20:00:00,4.759833333333333,0.2312333333333333,235.347,20.32,0.0,26.53333333333333,13.466666666666669,-0.0198532473424351,4.1048857952512865
2007-11-13 15:00:00,4.6386666666666665,0.1422,238.6675,19.56,0.0,31.7,17.466666666666665,-0.019782398566159487,3.96949520323952
2007-10-13 19:00:00,4.732766666666667,0.1613,231.20466666666667,20.453333333333333,0.0,22.266666666666666,16.416666666666668,-0.019532596342346942,4.07464173453229
2007-05-14 18:00:00,2.8374,0.3827,232.68033333333327,12.486666666666668,22.85,6.466666666666667,9.633333333333333,-0.01937969133730877,1.9567753102183807
2008-12-20 15:00:00,2.7944,0.3634333333333333,242.93766666666667,11.826666666666666,9.183333333333334,25.55,0.0,-0.019219814299398785,1.9087274797657867
2009-12-24 17:00:00,4.670966666666667,0.1107666666666666,241.99766666666667,19.34,0.0,28.78333333333333,18.6,-0.018934401048183003,4.005586945649259
2009-01-03 11:00:00,3.7428,0.4212666666666667,239.283,15.783333333333331,31.716666666666665,0.0,17.566666666666666,-0.018833384945700304,2.968461489096951
2007-01-04 12:00:00,4.066566666666667,0.2793333333333333,238.14766666666668,17.196666666666665,0.0,40.05,17.366666666666667,-0.018763034255233957,3.3302355799388463
2009-02-23 22:00:00,4.494166666666667,0.1251,237.8105,19.01,9.783333333333331,24.966666666666665,16.933333333333334,-0.018732761273484666,3.8080321450906873
2009-12-30 20:00:00,4.1738,0.2521333333333333,236.81116666666668,17.866666666666667,11.833333333333334,21.766666666666666,11.633333333333333,-0.018010637342067093,3.4500571850287645
2009-05-10 16:00:00,3.720566666666667,0.1807333333333333,240.29116666666667,15.63,8.566666666666666,43.93333333333333,1.6333333333333333,-0.01787285849892506,2.9436181535063466
2007-01-14 17:00:00,4.211133333333334,0.1926333333333333,234.15016666666668,18.10333333333333,0.0166666666666666,26.73333333333333,11.75,-0.017376401480772796,3.4917731308480713
2008-11-25 19:00:00,4.020333333333333,0.2668999999999999,238.10583333333332,17.033333333333335,25.75,0.5166666666666667,7.683333333333334,-0.01737306050109788,3.2785748506072587
2007-03-20 21:00:00,5.2927,0.2014,234.85066666666668,22.55,9.1,19.23333333333333,16.916666666666668,-0.01736768635258612,4.700306429061493
2007-01-07 21:00:00,4.738366666666667,0.2193999999999999,235.71483333333333,20.183333333333334,8.516666666666667,22.58333333333333,17.033333333333335,-0.0173391651344299,4.0808991264051855
2009-01-28 15:00:00,4.209366666666667,0.1275666666666666,243.80766666666665,17.403333333333332,0.0,35.05,18.2,-0.017303992745684393,3.4897990726976933
2008-04-01 14:00:00,3.8937666666666666,0.3283,241.4933333333333,16.293333333333333,0.0,29.616666666666667,17.883333333333333,-0.017123533701079996,3.1371503450037705
2010-11-04 10:00:00,3.626633333333333,0.368,238.01283333333333,15.38,1.4,32.56666666666667,17.983333333333334,-0.017008785264934656,2.838657854114555
2008-11-05 16:00:00,3.5904000000000003,0.3874666666666667,238.825,15.183333333333334,0.0,28.433333333333334,1.6666666666666667,-0.01665648163081701,2.798171038841711
2010-02-17 12:00:00,4.059933333333333,0.1928333333333333,241.455,16.923333333333332,0.0,41.833333333333336,18.516666666666666,-0.016620998029004963,3.3228235502798804
2007-11-27 10:00:00,4.0636,0.1341,236.7345,17.3,8.1,32.416666666666664,17.183333333333334,-0.016424738731104505,3.3269206521014194
2008-11-08 22:00:00,3.7183,0.1465333333333333,238.3345,15.7,8.85,30.716666666666665,0.0,-0.01624569670354359,2.9410853996530317
2008-12-21 17:00:00,4.334433333333333,0.2672333333333333,239.287,18.18,0.0,29.45,17.55,-0.015920867320909693,3.629547491192369
2009-01-18 11:00:00,3.533466666666667,0.3271666666666666,237.83033333333333,15.056666666666668,27.08333333333333,1.0666666666666669,1.9166666666666667,-0.015831954894611977,2.734554221467269
2010-02-15 20:00:00,4.619633333333334,0.1234,236.67,19.69,33.483333333333334,0.0,17.816666666666666,-0.015783010246831486,3.9482275201477135
2007-12-01 18:00:00,4.209933333333334,0.2559666666666667,234.1593333333333,18.10666666666667,19.8,0.2833333333333333,16.833333333333332,-0.015461563017179158,3.4904322611610223
2007-05-25 19:00:00,2.8727333333333336,0.3811,232.98033333333333,12.603333333333332,18.6,0.2833333333333333,0.0,-0.015340821516522607,1.9962564732259387
2008-01-22 15:00:00,4.1460333333333335,0.1833666666666666,238.06916666666663,17.613333333333333,8.783333333333333,35.4,17.383333333333333,-0.015262439343499024,3.4190309503256557
2010-02-21 14:00:00,4.638199999999999,0.1233333333333333,239.15616666666668,19.766666666666666,47.98333333333333,0.15,18.183333333333334,-0.015225055806879939,3.9689737539167784
2008-04-12 14:00:00,3.508233333333333,0.5246666666666667,240.49650000000003,14.86,18.433333333333334,8.05,19.15,-0.015186068590573143,2.7063587116590413
2007-03-18 10:00:00,3.5817,0.3118666666666667,236.685,15.316666666666666,24.866666666666667,11.9,12.6,-0.015084309591378409,2.7884497336106047
2009-01-31 19:00:00,4.503566666666667,0.3537666666666667,238.02533333333332,18.98333333333333,17.7,0.5333333333333333,17.383333333333333,-0.015036805435574618,3.818535624305906
2007-03-18 19:00:00,4.1248,0.2834666666666666,234.84733333333327,17.696666666666665,15.15,9.933333333333334,10.9,-0.014759287031038792,3.3953050061409247
2007-08-26 14:00:00,3.7632,0.3194666666666667,237.95066666666665,16.086666666666666,7.45,30.266666666666666,12.366666666666667,-0.014672416443091696,2.991256273776786
2007-12-26 14:00:00,3.9810666666666665,0.1177333333333333,242.92066666666668,16.45,8.816666666666666,27.633333333333333,18.1,-0.014519308346482629,3.234698614736595
2008-11-15 15:00:00,4.1835,0.2241,238.2803333333333,17.716666666666665,6.183333333333334,28.816666666666663,17.416666666666668,-0.014412236626433206,3.4608958816657456
2007-08-12 23:00:00,4.6344,0.1391,231.00916666666663,20.11,11.016666666666667,13.533333333333331,16.366666666666667,-0.014309550188003284,3.964727666574457
2008-03-08 20:00:00,3.7775666666666665,0.2944,236.54966666666667,16.14,27.916666666666668,0.0,6.933333333333334,-0.01424380287864635,3.0073094636411795
2008-07-01 19:00:00,2.9667000000000003,0.5196000000000001,236.4328333333333,12.903333333333334,26.2,0.7833333333333333,10.7,-0.014172863959491244,2.101254018997925
2007-12-09 19:00:00,4.611133333333333,0.2145,232.45333333333332,19.92,0.0,20.33333333333333,16.6,-0.01416287115960213,3.9387296931977813
2009-05-10 19:00:00,3.636333333333333,0.3232333333333333,237.0053333333333,15.52,11.283333333333331,25.5,8.866666666666667,-0.013265042210804157,2.849496550751536
2010-05-02 12:00:00,3.5630666666666664,0.4592333333333333,237.5918333333333,15.186666666666667,0.0,29.3,18.65,-0.01292553077749825,2.767629007081147
2007-01-22 20:00:00,4.455733333333333,0.1304333333333333,235.935,18.973333333333336,0.0,26.116666666666667,16.066666666666666,-0.012846745259220582,3.7650870687249185
2009-08-30 15:00:00,3.5914333333333333,0.5416333333333333,238.11916666666667,15.363333333333332,21.95,1.4,18.98333333333333,-0.012842340806633823,2.799325676627781
2007-12-28 16:00:00,5.1378,0.1894666666666666,242.1828333333333,21.296666666666667,9.933333333333334,15.85,17.983333333333334,-0.012792713268495515,4.527222500291568
2009-08-13 20:00:00,3.717533333333333,0.3598333333333333,238.5545,15.79,13.466666666666669,21.466666666666665,12.583333333333334,-0.012625295310586204,2.9402287329085275
2007-01-11 19:00:00,4.7842,0.3277,234.21983333333336,20.53666666666667,8.95,9.65,16.833333333333332,-0.012623798650848395,4.132112899174423
2007-10-11 20:00:00,4.318366666666666,0.2663,233.062,18.486666666666668,16.65,0.3,16.666666666666668,-0.012476924787420796,3.6115947359379885
2007-12-16 12:00:00,4.561633333333333,0.1876,237.77283333333332,19.266666666666666,11.283333333333331,21.7,17.366666666666667,-0.0124706042937629,3.8834188186070047
2010-02-03 21:00:00,4.5192,0.2263666666666667,235.80900000000003,19.236666666666668,8.316666666666666,19.666666666666668,18.65,-0.012470104318538566,3.8360041766177395
2010-01-15 21:00:00,4.528766666666667,0.2492666666666666,239.10483333333332,19.03333333333333,10.883333333333333,18.916666666666668,18.183333333333334,-0.012457699840422443,3.846693887733937
2009-06-07 13:00:00,3.4554666666666667,0.4355333333333334,238.6133333333333,14.816666666666666,14.283333333333331,18.133333333333333,10.85,-0.012439775133813002,2.647397691809075
2010-01-16 12:00:00,3.667333333333333,0.4024,240.6075,15.81,16.866666666666667,14.483333333333333,18.4,-0.01242234407252163,2.8841356843336383
2010-11-04 19:00:00,4.053766666666666,0.3072666666666667,236.2421666666667,17.540000000000003,10.816666666666666,17.883333333333333,9.866666666666667,-0.0122716686351938,3.3159329699436553
2008-05-18 21:00:00,4.466466666666666,0.1946666666666666,236.3155,19.01333333333333,8.583333333333334,24.133333333333333,17.75,-0.01218600286714544,3.7770804031479694
2010-01-09 14:00:00,3.411166666666667,0.2229666666666666,240.58933333333331,14.413333333333332,9.833333333333334,33.1,3.4,-0.012143974044172001,2.597897252528845
2008-03-05 21:00:00,4.648766666666666,0.0513333333333333,235.7145,19.793333333333333,8.8,15.683333333333334,9.8,-0.012086627652754256,3.98078085643885
2008-05-25 22:00:00,3.978233333333333,0.3417333333333333,236.4283333333333,17.02,8.45,18.116666666666667,16.766666666666666,-0.011929867054036425,3.2315326724199513
2007-12-30 14:00:00,4.1388,0.1407,242.03116666666668,17.18,1.1833333333333331,31.78333333333333,17.966666666666665,-0.011798427064003358,3.4109484858231647
2007-06-25 22:00:00,2.712133333333333,0.3792333333333333,237.82083333333333,11.706666666666669,19.016666666666666,7.016666666666667,0.0,-0.011521737408912491,1.8168034134425293
2008-10-18 23:00:00,5.008166666666667,0.3592666666666667,238.16133333333332,21.11,13.316666666666666,0.1333333333333333,17.783333333333335,-0.01143567191626993,4.382371327710066
2007-02-10 20:00:00,4.069733333333334,0.2764,235.8438333333333,17.39,20.133333333333333,0.0,17.066666666666666,-0.011227711802286766,3.3337739860574485
2009-12-10 19:00:00,3.161,0.4704,238.23016666666663,13.543333333333331,21.766666666666666,0.5833333333333334,1.55,-0.011206695429673452,2.3183631691592965
2007-06-20 21:00:00,3.2391,0.4025666666666667,238.67683333333332,13.87,6.683333333333334,25.58333333333333,5.383333333333334,-0.01068251828352551,2.4056314379580774
2007-05-04 20:00:00,3.156066666666667,0.3456333333333333,230.67283333333336,13.833333333333334,20.98333333333333,0.0,7.133333333333334,-0.010665237544977058,2.3128507048903173
2007-01-13 21:00:00,4.981466666666666,0.2853,232.84016666666668,21.433333333333334,10.716666666666669,0.2833333333333333,16.633333333333333,-0.01047635985108053,4.352536977173222
2009-03-01 15:00:00,4.106533333333333,0.2105999999999999,242.9116666666667,16.89,30.58333333333333,0.5333333333333333,18.08333333333333,-0.010309189046659006,3.3748939897936214
2007-11-09 13:00:00,3.8873,0.1505999999999999,233.7528333333333,16.753333333333334,0.0,34.21666666666667,16.766666666666666,-0.010047617779610385,3.129924547245784
2007-01-17 10:00:00,4.085766666666666,0.1667333333333333,237.304,17.363333333333333,8.933333333333334,30.716666666666665,17.25,-0.009917882070243245,3.351689494931632
2008-03-13 20:00:00,4.6837,0.0679666666666666,234.26216666666667,20.12,9.533333333333331,14.016666666666667,16.85,-0.009869869909094997,4.019815062884058
2009-02-04 08:00:00,4.0461,0.3136,240.42933333333332,16.92,0.0,28.066666666666663,17.733333333333334,-0.009855420253038205,3.3073663024986195
2009-10-17 17:00:00,3.1629,0.5866333333333333,234.59766666666667,13.81,18.966666666666665,3.15,18.25,-0.009779742900572042,2.3204862128304575
2009-05-17 10:00:00,3.7628,0.3209666666666667,235.533,16.169999999999998,16.533333333333335,16.566666666666666,15.966666666666669,-0.009435068838656968,2.990809317214436
2006-12-30 16:00:00,3.955566666666667,0.4224,238.945,16.673333333333332,0.0,24.7,17.483333333333334,-0.009381116046831228,3.206205133886802
2008-11-15 17:00:00,4.5308,0.0621333333333333,232.02766666666668,19.613333333333333,8.533333333333333,11.966666666666669,16.533333333333335,-0.009309765429048822,3.8489659169258816
2009-01-18 21:00:00,4.8607,0.1304,238.0135,20.44333333333333,8.2,23.0,17.383333333333333,-0.009308085689843981,4.217593341723805
2007-02-14 15:00:00,4.364133333333333,0.1254,239.93466666666663,18.196666666666665,0.0,31.616666666666667,17.633333333333333,-0.009307818660843181,3.6627340159468353
2007-12-04 12:00:00,4.054033333333333,0.2214,238.58266666666665,17.136666666666667,8.95,27.48333333333333,14.283333333333331,-0.008605582948123747,3.3162309409852218
2009-01-31 16:00:00,3.407433333333333,0.4076333333333333,244.2815,14.176666666666668,20.766666666666666,0.1666666666666666,16.266666666666666,-0.0084770362198896,2.593725657946914
2010-10-19 18:00:00,3.5383333333333336,0.4549,236.023,15.203333333333337,0.0,24.183333333333334,9.333333333333334,-0.008354001278163214,2.739992192975857
2009-11-14 19:00:00,3.9746,0.3822333333333333,240.34833333333333,16.643333333333334,0.0,24.55,19.03333333333333,-0.008088821147660519,3.2274728169786084
2009-08-18 21:00:00,3.8541,0.3421,237.5328333333333,16.403333333333332,23.633333333333333,1.0,18.45,-0.008050326146369913,3.092827152570758
2008-01-19 12:00:00,3.135933333333333,0.2767333333333333,236.92066666666668,13.373333333333331,16.05,22.466666666666665,4.516666666666667,-0.007679377087406292,2.290353891252048
2008-11-05 11:00:00,3.1243333333333334,0.3300666666666666,237.22016666666664,13.35,31.416666666666668,0.75,0.0,-0.007622462723640311,2.277392150943907
2008-05-18 20:00:00,4.230700000000001,0.1061,236.3105,17.983333333333334,7.566666666666666,20.716666666666665,18.566666666666663,-0.006591769809034864,3.5136367560230117
2009-08-09 18:00:00,2.7101,0.4211999999999999,240.8595,11.603333333333332,10.733333333333333,17.616666666666667,1.7166666666666666,-0.006326212922437957,1.8145313842505855
2008-04-13 19:00:00,3.1281666666666665,0.3101333333333333,234.01583333333332,13.58,0.0,29.85,1.3,-0.005748708169491468,2.2816754846664242
2006-12-23 22:00:00,4.327933333333333,0.2890333333333333,238.1903333333333,18.31,14.433333333333334,0.5,0.0,-0.005618468176384339,3.622284447054186
2007-11-23 22:00:00,4.401633333333334,0.1021,240.0335,18.36,7.9,24.6,12.6,-0.005580440011042298,3.7046361936671213
2007-02-03 14:00:00,3.927233333333333,0.253,241.7866666666667,16.386666666666667,9.666666666666666,21.45,17.933333333333334,-0.005500737525652499,3.174545710720363
2007-01-13 10:00:00,3.170033333333333,0.5055333333333334,236.831,13.606666666666666,15.766666666666667,1.9833333333333332,1.1666666666666667,-0.005373322005718051,2.3284569381923603
2008-04-08 12:00:00,3.6979,0.2932666666666667,238.6353333333333,15.613333333333332,4.75,31.116666666666667,18.116666666666667,-0.005212932223485178,2.9182906149731958
2007-08-19 16:00:00,3.6961333333333335,0.1610333333333333,236.918,15.793333333333331,9.066666666666666,34.766666666666666,10.666666666666666,-0.005017947425150715,2.916316556822818
2008-06-04 07:00:00,3.4474333333333336,0.0922333333333333,229.49433333333332,15.11,0.0,31.216666666666665,16.75,-0.004806039526181305,2.638421314181886
2008-12-20 13:00:00,3.494,0.2595666666666666,240.50233333333333,14.703333333333337,2.3666666666666667,36.083333333333336,9.4,-0.004679887306665131,2.690454507315431
2010-11-10 10:00:00,3.372,0.3011,233.865,14.573333333333332,3.9166666666666665,26.48333333333333,17.383333333333333,-0.004582080251717469,2.5541327557987694
2010-01-27 17:00:00,4.079833333333333,0.0504333333333333,237.10416666666663,17.223333333333336,0.0,30.166666666666668,11.65,-0.0045233162584349396,3.345059639256778
2007-12-31 12:00:00,3.8231666666666655,0.4012666666666666,237.37866666666665,16.313333333333336,0.0,25.266666666666666,17.3,-0.0044463103919706315,3.058262511749046
2009-01-16 17:00:00,4.151266666666666,0.2855333333333333,235.7525,17.69,19.0,0.7,17.066666666666666,-0.004070456426209512,3.4248786320163975
2009-11-21 18:00:00,4.2393,0.3216333333333333,235.64883333333333,17.996666666666666,11.783333333333331,5.083333333333333,18.55,-0.003994474838758921,3.52324632211353
2009-10-11 19:00:00,2.9870333333333337,0.3942666666666666,236.9485,12.866666666666667,10.433333333333334,17.466666666666665,2.8833333333333333,-0.003976409492935429,2.1239743109173688
2007-04-01 18:00:00,3.5976,0.362,235.5425,15.503333333333334,10.383333333333333,20.08333333333333,17.016666666666666,-0.003964970103607968,2.806216256964006
2010-01-19 19:00:00,4.453766666666667,0.3180333333333333,239.0713333333333,18.89333333333333,14.983333333333333,0.0,19.016666666666666,-0.0038067561886324652,3.762889532293366
2008-05-04 19:00:00,3.1932666666666667,0.4002333333333333,238.2988333333333,13.866666666666667,12.933333333333334,17.683333333333334,8.3,-0.003713822041784831,2.3544176651888398
2008-09-21 12:00:00,3.2853666666666665,0.3644,237.516,14.266666666666667,18.5,9.016666666666667,6.816666666666666,-0.0037039730253995984,2.457329413669861
2007-07-22 11:00:00,3.033233333333333,0.3881333333333333,233.29266666666663,13.21,23.7,0.3833333333333333,16.683333333333334,-0.0036766937722578774,2.1755977938687594
2006-12-24 15:00:00,3.096833333333333,0.2334,243.1828333333333,12.823333333333332,6.55,30.616666666666667,0.0,-0.0034800791552638266,2.2466638872823634
2009-03-01 10:00:00,3.732933333333333,0.2529,238.6758333333333,15.796666666666663,14.483333333333333,22.6,14.016666666666667,-0.003352690645644696,2.9574365605589907
2007-07-31 12:00:00,2.0913,0.3239666666666666,231.62383333333332,9.643333333333334,24.5,0.0,0.0,-0.0031717969845409533,1.1230895822955824
2007-02-15 19:00:00,4.1108,0.3311333333333333,235.85083333333333,17.5,0.0,18.266666666666666,17.066666666666666,-0.0031704410893865775,3.3796615264586856
2007-09-08 15:00:00,2.8711333333333333,0.3148,235.59666666666664,12.45,26.48333333333333,5.316666666666666,7.05,-0.0024539897728251825,1.9944686469765396
2009-03-24 19:00:00,3.7412,0.2979333333333333,234.71516666666668,16.13,20.966666666666665,0.0,14.166666666666666,-0.002237809519113343,2.9666736628475525
2007-05-25 20:00:00,3.5732666666666666,0.2946666666666667,233.2565,15.466666666666669,26.816666666666663,0.55,14.833333333333334,-0.002117654610789388,2.779026399421065
2008-05-04 18:00:00,3.370433333333333,0.2699333333333333,238.9375,14.333333333333334,22.133333333333333,10.533333333333331,8.483333333333333,-0.002079527392903624,2.5523821759295657
2010-02-13 14:00:00,4.173933333333333,0.2488666666666666,242.3143333333333,17.27,0.0,21.433333333333334,18.666666666666668,-0.0020071180123272248,3.450206170549548
2007-03-05 16:00:00,2.508033333333333,0.3269333333333333,239.69316666666663,10.786666666666669,19.866666666666667,10.816666666666666,0.0,-0.0019465161656129215,1.5887438275035894
2010-04-11 21:00:00,3.883133333333333,0.0986,236.52483333333333,16.71333333333333,29.683333333333334,0.0,10.683333333333334,-0.001924267310071004,3.125268749721307
2008-12-06 11:00:00,3.5612,0.3962666666666666,236.7663333333333,15.273333333333332,20.716666666666665,3.1333333333333333,17.2,-0.0018498110955781355,2.7655432097901818
2007-12-25 13:00:00,3.915833333333333,0.1995333333333333,241.99283333333327,16.279999999999998,0.2166666666666666,34.71666666666667,16.333333333333332,-0.0016116251390716485,3.1618074486933962
2007-06-02 19:00:00,3.1521,0.3419666666666667,232.10266666666664,13.813333333333333,24.566666666666663,0.5833333333333334,16.516666666666666,-0.001560673476402763,2.3084183856470157
2010-05-02 13:00:00,3.525233333333333,0.3181,237.26783333333333,15.013333333333332,0.0,32.1,18.6,-0.0014469541464732227,2.7253543655589034
2006-12-30 11:00:00,3.8858666666666655,0.2514333333333333,235.9885,16.663333333333334,0.0,30.5,17.066666666666666,-0.0013998467692992733,3.1283229528973626
2007-06-03 22:00:00,3.383266666666666,0.1233666666666666,233.3178333333333,14.58,0.0,28.58333333333333,0.0,-0.0011899389850754671,2.566722032304952
2007-11-23 12:00:00,4.129700000000001,0.1657666666666666,236.19966666666667,17.61,8.083333333333334,25.316666666666663,17.116666666666667,-0.001073080944135052,3.4007802240297096
2007-07-03 22:00:00,3.948633333333333,0.2310666666666666,237.04233333333332,16.83,0.1833333333333333,29.683333333333334,13.833333333333334,-0.0010013629682248393,3.1984578868060725
2009-12-05 19:00:00,3.999,0.2743,234.48766666666668,17.07,18.666666666666668,0.1833333333333333,17.483333333333334,-0.000934392938721107,3.2547371672819407
2007-06-14 19:00:00,3.232966666666667,0.4712666666666666,238.64016666666663,13.87,24.316666666666663,0.2,17.433333333333334,-0.0008792409742663931,2.3987781040020493
2010-10-24 14:00:00,3.734,0.2514333333333333,243.5365,15.753333333333334,8.35,23.73333333333333,18.816666666666663,-0.0007029173421126966,2.9586284447252575
2007-01-07 15:00:00,3.770766666666667,0.2462333333333333,241.253,15.84,0.0,32.95,17.816666666666666,-0.000600683959394166,2.9997112020812353
2006-12-19 08:00:00,3.879033333333333,0.1224333333333333,236.14633333333333,16.54,9.35,26.183333333333334,17.1,-0.0004917608198311552,3.1206874449572233
2008-04-29 13:00:00,3.8032,0.4477333333333333,239.92933333333332,16.086666666666666,0.0,24.55,18.28333333333333,-0.0004888879297870741,3.035951930011757
2007-12-02 14:00:00,3.810266666666666,0.2249666666666666,243.127,15.78,8.133333333333333,25.866666666666667,18.1,-0.0004788429056366006,3.043848162613268
2007-09-07 19:00:00,2.6643,0.4171333333333333,236.707,11.476666666666668,20.383333333333333,0.6666666666666666,1.5666666666666669,-0.00015078184021066754,1.7633548578615432
2007-06-03 11:00:00,3.189833333333333,0.2309,230.5835,13.976666666666668,27.116666666666667,1.7833333333333334,16.316666666666666,-4.49377161678699e-05,2.350581288028671
